{
    "train_loss": [
        0.5339485911016421,
        0.43719138077193326,
        0.4733644191743579,
        0.4446525987254728,
        0.4440274200677622,
        0.4537003108100091,
        0.4483961057880462,
        0.40955517050432516,
        0.4055722371985988,
        0.39107381361849014
    ],
    "val_loss": [
        0.3121038216279774,
        0.25841169733236113,
        0.24212302061751848,
        0.27701593572728156,
        0.23749786107800902,
        0.22996237327162994,
        0.17967873546067717,
        0.21915883290149818,
        0.23171932233338494,
        0.18455498896130337
    ],
    "train_acc": [
        0.7294081757169005,
        0.8343502135448444,
        0.8441122635753509,
        0.8575350823672971,
        0.8486882245271506,
        0.8547895057962172,
        0.8566198901769372,
        0.863026235509457,
        0.8700427089688835,
        0.8785845027455765
    ],
    "val_acc": [
        0.8658536585365854,
        0.901219512195122,
        0.9060975609756098,
        0.8963414634146342,
        0.9134146341463415,
        0.9048780487804878,
        0.9243902439024391,
        0.9207317073170732,
        0.9158536585365854,
        0.9317073170731708
    ]
}